,seed,val_accuracy,test_accuracy
0,5,0.4157303273677826,0.43820226192474365
1,6,0.4157303273677826,0.43820226192474365
2,7,0.4157303273677826,0.43820226192474365
3,8,0.4606741666793823,0.47191011905670166
4,9,0.3595505654811859,0.3820224702358246
