,seed,epoch 1,epoch 2,epoch 3,epoch 4,epoch 5,epoch 6,epoch 7,epoch 8,epoch 9,epoch 10,epoch 11,epoch 12,epoch 13,epoch 14,epoch 15
0,0,0.20224718749523163,0.1910112351179123,0.23595505952835083,0.2808988690376282,0.26966291666030884,0.2921348214149475,0.2808988690376282,0.31460675597190857,0.30337077379226685,0.33707866072654724,0.37078651785850525,0.4157303273677826,0.43820226192474365,0.42696627974510193,0.4606741666793823
1,1,0.20224718749523163,0.1910112351179123,0.16853933036327362,0.17977528274059296,0.16853933036327362,0.17977528274059296,0.23595505952835083,0.2584269642829895,0.2808988690376282,0.2921348214149475,0.31460675597190857,0.3820224702358246,0.3483146131038666,0.3932584226131439,0.4157303273677826
2,2,0.16853933036327362,0.17977528274059296,0.21348313987255096,0.20224718749523163,0.23595505952835083,0.24719101190567017,0.24719101190567017,0.2808988690376282,0.2921348214149475,0.31460675597190857,0.3595505654811859,0.3483146131038666,0.37078651785850525,0.3820224702358246,0.3820224702358246
3,3,0.15730337798595428,0.1910112351179123,0.1910112351179123,0.1910112351179123,0.15730337798595428,0.24719101190567017,0.2584269642829895,0.26966291666030884,0.30337077379226685,0.30337077379226685,0.3258427083492279,0.31460675597190857,0.3595505654811859,0.3820224702358246,0.40449437499046326
4,4,0.17977528274059296,0.13483145833015442,0.15730337798595428,0.16853933036327362,0.2247191071510315,0.23595505952835083,0.24719101190567017,0.2921348214149475,0.26966291666030884,0.30337077379226685,0.30337077379226685,0.37078651785850525,0.3820224702358246,0.42696627974510193,0.4157303273677826
