,seed,val_accuracy,test_accuracy
0,0,0.4606741666793823,0.43820226192474365
1,1,0.4157303273677826,0.43820226192474365
2,2,0.3820224702358246,0.3820224702358246
3,3,0.40449437499046326,0.4157303273677826
4,4,0.4157303273677826,0.4157303273677826
