,seed,epoch 1,epoch 2,epoch 3,epoch 4,epoch 5,epoch 6,epoch 7,epoch 8,epoch 9,epoch 10,epoch 11,epoch 12,epoch 13,epoch 14,epoch 15
0,0,0.17977528274059296,0.2247191071510315,0.17977528274059296,0.2247191071510315,0.24719101190567017,0.2584269642829895,0.2584269642829895,0.2808988690376282,0.30337077379226685,0.31460675597190857,0.3483146131038666,0.37078651785850525,0.37078651785850525,0.3820224702358246,0.4157303273677826
1,1,0.12359550595283508,0.11235955357551575,0.16853933036327362,0.17977528274059296,0.20224718749523163,0.23595505952835083,0.3258427083492279,0.3258427083492279,0.30337077379226685,0.3258427083492279,0.3483146131038666,0.3483146131038666,0.3483146131038666,0.40449437499046326,0.4157303273677826
2,2,0.1910112351179123,0.26966291666030884,0.2247191071510315,0.2247191071510315,0.26966291666030884,0.2247191071510315,0.2584269642829895,0.2808988690376282,0.26966291666030884,0.2808988690376282,0.3483146131038666,0.3483146131038666,0.3820224702358246,0.4157303273677826,0.4157303273677826
3,3,0.16853933036327362,0.1910112351179123,0.21348313987255096,0.21348313987255096,0.2584269642829895,0.26966291666030884,0.24719101190567017,0.31460675597190857,0.2921348214149475,0.3258427083492279,0.37078651785850525,0.40449437499046326,0.3820224702358246,0.449438214302063,0.4606741666793823
4,4,0.13483145833015442,0.15730337798595428,0.16853933036327362,0.15730337798595428,0.21348313987255096,0.1910112351179123,0.23595505952835083,0.2584269642829895,0.24719101190567017,0.26966291666030884,0.2921348214149475,0.2921348214149475,0.3258427083492279,0.3483146131038666,0.3595505654811859
