seed,val_accuracy,test_accuracy
0,0.6853932738304138,0.6629213690757751
1,0.7078651785850525,0.6067415475845337
2,0.6516854166984558,0.6404494643211365
3,0.6629213690757751,0.6404494643211365
4,0.7078651785850525,0.6516854166984558
5,0.6966292262077332,0.6516854166984558
6,0.7191011309623718,0.6741573214530945
7,0.6629213690757751,0.6853932738304138
8,0.6629213690757751,0.5730336904525757
9,0.6966292262077332,0.7078651785850525
