seed,val_accuracy,test_accuracy
0,0.2921348214149475,0.40449437499046326
1,0.3932584226131439,0.37078651785850525
2,0.2921348214149475,0.449438214302063
3,0.37078651785850525,0.42696627974510193
4,0.2808988690376282,0.37078651785850525
5,0.3258427083492279,0.3258427083492279
6,0.31460675597190857,0.30337077379226685
7,0.3595505654811859,0.47191011905670166
8,0.33707866072654724,0.3820224702358246
9,0.2584269642829895,0.37078651785850525
