,seed,val_accuracy,test_accuracy
0,0,0.3595505654811859,0.43820226192474365
1,1,0.4157303273677826,0.47191011905670166
2,2,0.37078651785850525,0.449438214302063
3,3,0.3932584226131439,0.4157303273677826
4,4,0.31460675597190857,0.3595505654811859
5,5,0.3820224702358246,0.3932584226131439
6,6,0.449438214302063,0.42696627974510193
7,7,0.4157303273677826,0.40449437499046326
8,8,0.3258427083492279,0.4606741666793823
9,9,0.40449437499046326,0.449438214302063
